{"cameraMode":{"drawMode":0,"name":"Shaded","section":"Shading Mode"},"sceneLighting":true,"audioPlay":false,"sceneViewState":{"m_AlwaysRefresh":false,"showFog":true,"showSkybox":true,"showFlares":true,"showImageEffects":true,"showParticleSystems":true,"showVisualEffectGraphs":true,"m_FxEnabled":true},"in2DMode":false,"pivot":{"x":-0.9934520721435547,"y":-0.472872257232666,"z":-1.859109878540039},"rotation":{"x":-0.027980554848909379,"y":0.8999931216239929,"z":-0.058408692479133609,"w":-0.4310879707336426},"size":18.761598587036134,"orthographic":false}